word,freq
complet,141
sherlock,388
holm,2508
arthur,42
tabl,285
content,56
studi,140
scarlet,15
sign,196
four,187
adventur,132
scandal,39
bohemia,13
red,163
head,493
leagu,23
case,715
ident,29
boscomb,16
valley,71
mysteri,163
five,202
orang,13
pip,13
man,2000
twist,39
lip,144
blue,79
carbuncl,8
speckl,8
band,39
engin,33
thumb,40
nobl,30
bachelor,22
beryl,12
coronet,29
copper,23
beech,16
memoir,8
silver,54
blaze,45
yellow,78
face,911
stock,30
broker,10
clerk,38
gloria,11
scott,33
musgrav,30
ritual,19
squir,15
crook,14
resid,38
patient,44
greek,24
interpret,17
naval,10
treati,20
final,141
problem,123
return,325
empti,84
hous,836
norwood,35
builder,10
danc,41
men,319
solitari,15
cyclist,16
priori,9
school,45
black,282
peter,48
charl,120
augustu,6
milverton,42
six,134
napoleon,22
three,434
student,29
golden,30
pinc,7
nez,7
miss,342
quarter,137
abbey,11
grang,12
second,194
stain,74
hound,97
baskervil,132
fear,277
hi,6910
last,677
bow,62
prefac,5
wisteria,15
lodg,191
cardboard,8
box,175
circl,47
bruce,9
partington,8
plan,102
die,149
detect,159
disappear,101
ladi,351
franc,46
carfax,9
devil,65
foot,300
part,257
mr,1661
scienc,24
deduct,49
lauriston,6
garden,127
john,119
ranc,10
tell,896
advertis,68
bring,424
visitor,117
tobia,4
gregson,74
show,452
light,527
dark,353
ii,13
great,500
alkali,6
plain,55
flower,22
utah,10
ferrier,65
talk,182
prophet,9
flight,35
life,354
aveng,19
angel,31
continu,148
reminisc,4
watson,814
conclus,93
h,29
late,176
armi,16
medic,49
depart,38
chapter,76
year,404
1878,4
take,1262
degre,19
doctor,172
medicin,8
univers,19
london,344
proceed,72
go,1288
cours,320
surgeon,22
wa,8476
duli,7
attach,31
fifth,10
northumberland,12
assist,87
regiment,14
station,157
india,31
time,981
befor,954
could,1640
join,54
afghan,6
war,36
break,288
land,76
learn,164
corp,4
advanc,63
pass,394
alreadi,253
deep,171
enemi,55
countri,225
follow,344
howev,499
mani,248
offic,185
situat,78
succeed,53
reach,237
safeti,31
find,1106
onc,499
enter,232
upon,2307
new,206
duti,89
campaign,14
honour,68
promot,4
noth,653
misfortun,28
disast,8
remov,53
berkshir,5
serv,78
fatal,28
battl,9
strike,210
shoulder,166
bullet,31
shatter,20
bone,29
graze,6
arteri,4
fall,145
hand,1132
murder,303
devot,44
courag,20
throw,272
across,237
pack,25
hors,151
safe,136
british,44
line,205
worn,43
pain,79
weak,61
prolong,7
hardship,7
undergon,5
train,189
wound,61
suffer,48
base,11
hospit,25
ralli,5
improv,15
far,360
abl,173
walk,338
ward,5
even,577
littl,919
fever,25
cur,40
indian,48
posse,96
month,130
despair,39
come,2043
becam,96
emaci,7
board,54
determin,82
day,749
lose,194
send,220
back,779
england,120
dispatch,15
accordingli,4
later,147
portsmouth,5
health,30
ruin,45
permiss,26
govern,34
spend,92
next,200
nine,66
attempt,87
neither,86
kin,5
therefor,140
free,64
air,140
incom,12
eleven,47
shill,25
permit,20
circumst,62
natur,218
lounger,6
idler,4
irresist,4
drain,11
stay,88
privat,80
hotel,110
strand,11
lead,268
exist,51
money,160
consider,128
freeli,15
ought,29
alarm,73
state,133
becom,111
soon,157
realiz,59
must,824
either,172
leav,366
metropoli,7
rustic,7
somewher,35
make,1152
alter,13
style,14
live,279
choos,37
latter,54
altern,34
begin,228
mind,371
less,146
expens,30
veri,1738
thi,3084
stand,515
bar,59
one,2313
tap,43
turn,572
round,467
recogn,54
young,416
stamford,13
sight,123
friendli,20
wilder,29
pleasant,31
thing,463
inde,228
lone,63
old,561
never,675
particular,88
mine,124
hail,16
enthusiasm,8
appear,384
delight,49
see,1622
joy,32
ask,738
lunch,32
holborn,5
start,221
togeth,262
hansom,30
whatev,81
wonder,126
rattl,43
crowd,47
street,416
thin,114
lath,5
brown,79
nut,9
give,859
short,162
sketch,23
hardli,249
conclud,18
destin,16
poor,151
say,3470
listen,126
look,960
answer,464
tri,206
solv,55
whether,141
possibl,338
get,928
comfort,38
room,1027
reason,299
price,38
strang,229
remark,416
companion,236
ha,1512
use,350
express,158
first,587
fellow,305
work,431
chemic,27
laboratori,11
morn,477
becaus,173
someon,104
nice,26
much,579
purs,12
jove,20
cri,578
realli,213
want,298
share,70
prefer,36
partner,14
alon,132
rather,261
wine,25
glass,143
know,1587
yet,488
perhap,221
would,1902
care,206
constant,10
whi,489
oh,225
anyth,296
queer,54
idea,157
enthusiast,8
branch,32
decent,7
enough,359
suppos,190
intend,47
believ,187
well,1331
anatomi,4
class,37
ani,846
systemat,10
desultori,4
eccentr,14
amass,5
lot,24
way,789
knowledg,94
astonish,80
professor,81
easi,98
draw,108
though,301
commun,66
fanci,95
seiz,61
like,712
meet,292
anyon,122
quiet,89
habit,77
strong,163
nois,25
excit,113
afghanistan,12
remaind,9
friend,568
avoid,37
place,496
week,186
el,173
night,762
shall,582
drive,278
luncheon,6
certainli,277
convers,72
drift,26
away,483
channel,9
gentleman,250
propos,36
lodger,33
blame,23
occasion,64
arrang,77
hold,331
respons,35
compani,97
seem,572
ad,49
hard,176
wash,14
matter,549
temper,27
formid,34
mouth,80
laugh,166
scientif,20
tast,28
approach,91
cold,119
blood,158
imagin,185
pinch,6
veget,7
alkaloid,5
malevol,4
understand,215
simpli,43
spirit,58
inquiri,112
order,186
accur,12
effect,115
justic,54
think,834
readi,131
passion,42
definit,45
exact,40
right,417
ye,564
may,965
push,94
excess,5
beat,74
subject,68
dissect,5
stick,99
bizarr,10
shape,45
verifi,9
bruis,6
produc,51
death,267
saw,513
eye,678
heaven,80
object,130
form,144
impress,147
speak,365
narrow,54
lane,60
small,406
side,429
door,721
open,547
wing,27
familiar,39
ground,145
need,167
guid,43
ascend,30
bleak,8
stone,117
staircas,7
long,597
corridor,52
whitewash,8
wall,141
dun,6
colour,86
near,160
end,437
low,165
arch,6
passag,100
lofti,7
chamber,47
litter,18
bottl,39
broad,108
scatter,36
bristl,22
retort,6
test,57
tube,12
lamp,140
flicker,14
flame,23
onli,933
bend,20
distant,32
absorb,34
sound,167
step,284
glanc,232
sprang,122
pleasur,44
shout,45
run,329
toward,154
us,1347
agent,71
precipit,11
discov,83
gold,62
shone,33
featur,129
dr,268
introduc,44
cordial,11
grip,39
strength,51
credit,38
perceiv,63
earth,82
chuckl,38
question,286
doubt,335
signific,11
discoveri,28
interest,343
practic,120
medico,4
legal,20
infal,5
coat,92
sleev,45
eager,60
drew,107
let,419
fresh,117
dig,22
finger,112
result,109
drop,127
add,34
quantiti,6
water,132
mixtur,15
pure,34
proport,7
million,26
obtain,42
characterist,22
reaction,13
vessel,13
white,226
crystal,6
transpar,6
instant,275
assum,26
dull,49
brownish,5
dust,33
bottom,52
jar,5
clap,27
child,125
toy,4
delic,37
beauti,102
clumsi,13
uncertain,14
examin,241
hour,364
act,109
invent,18
hundr,151
ago,118
pay,140
crime,225
murmur,35
crimin,133
hing,17
point,455
suspect,59
commit,57
linen,13
cloth,82
mud,23
rust,5
fruit,11
puzzl,43
expert,30
reliabl,6
longer,54
difficulti,116
fairli,57
glitter,12
put,431
heart,240
conjur,7
congratul,28
surpris,224
von,46
hung,54
mason,30
notori,7
montpelli,6
name,448
score,20
decis,13
might,611
paper,516
call,323
polic,283
news,107
past,184
read,281
piec,70
plaster,32
prick,9
smile,197
dabbl,5
poison,57
good,955
deal,125
notic,112
mottl,12
similar,18
discolour,17
acid,6
busi,307
sit,464
high,212
leg,88
stool,7
anoth,235
direct,181
complain,11
thought,574
suit,65
baker,123
smell,37
tobacco,48
hope,289
alway,266
smoke,125
ship,52
gener,87
experi,99
annoy,29
mean,307
sulki,5
confess,115
two,896
bad,136
cross,114
keep,339
bull,15
row,34
nerv,72
shake,168
sort,118
extrem,72
set,239
vice,7
princip,21
present,225
includ,14
violin,19
play,133
anxious,7
depend,45
player,6
treat,43
god,141
badli,23
merri,10
consid,81
settl,84
noon,5
morrow,102
everyth,123
exactli,154
leave,538
among,210
suddenli,187
stop,123
deuc,6
enigmat,8
peculiar,62
peopl,168
rub,37
piquant,4
oblig,42
proper,15
mankind,5
bid,13
bye,29
wager,6
stroll,25
acquaint,54
inspect,21
221b,6
consist,21
coupl,67
bed,156
singl,83
larg,200
cheer,27
furnish,46
illumin,9
window,516
desir,91
everi,428
apart,41
term,46
divid,19
bargain,11
spot,72
move,143
sever,183
employ,80
lay,409
properti,35
best,192
advantag,45
gradual,18
accommod,4
ourselv,116
surround,36
difficult,73
regular,18
rare,21
ten,160
invari,13
breakfast,95
rise,232
sometim,68
portion,18
citi,77
exceed,7
energi,71
fit,87
lie,232
sofa,38
utter,38
word,492
muscl,12
occas,63
dreami,4
vacant,14
cleanli,4
whole,284
forbid,18
notion,8
curio,40
aim,9
deepen,6
increas,29
person,222
attent,137
casual,6
observ,247
height,38
lean,98
tall,93
sharp,88
pierc,15
save,209
dure,180
interv,18
allud,18
hawk,4
nose,53
alert,33
chin,39
promin,8
squar,86
mark,237
blot,9
ink,22
extraordinari,99
delicaci,13
touch,104
frequent,35
watch,167
philosoph,4
instrument,23
reader,19
hopeless,16
busybodi,4
stimul,13
often,83
endeavour,47
retic,11
concern,69
pronounc,12
judgment,26
rememb,223
engag,94
ventur,27
unless,65
weather,29
except,81
genial,10
monotoni,4
daili,27
eagerli,34
around,36
unravel,15
repli,44
confirm,25
opinion,79
pursu,30
entranc,25
world,146
zeal,4
certain,141
within,250
limit,47
extraordinarili,6
ampl,11
minut,244
astound,4
attain,16
precis,43
inform,132
view,101
seldom,44
burden,9
ignor,19
literatur,6
philosophi,4
polit,31
quot,13
inquir,39
incident,7
theori,114
composit,4
system,25
civil,13
human,70
centuri,25
awar,82
travel,71
sun,49
fact,327
forget,86
explain,130
brain,77
origin,56
attic,8
furnitur,23
fool,30
lumber,9
skil,6
workman,14
tool,19
help,305
assort,4
perfect,37
mistak,45
elast,8
extent,23
addit,19
someth,372
import,211
useless,22
elbow,23
protest,15
interrupt,39
impati,50
moon,27
differ,93
manner,147
unwelcom,5
ponder,11
acquir,15
bear,103
variou,22
pencil,30
jot,8
document,59
1,9
2,10
3,16
4,6
feebl,13
5,6
botani,4
opium,21
6,6
soil,14
splash,15
trouser,27
receiv,114
7,8
profound,11
8,4
9,6
sensat,23
immens,32
detail,129
horror,90
perpetr,8
10,6
11,9
boxer,4
law,102
list,28
fire,176
reconcil,9
accomplish,15
abov,140
power,177
request,25
favourit,12
music,20
arm,196
chair,278
close,287
scrape,8
carelessli,7
knee,69
melancholi,25
fantast,21
clearli,81
reflect,19
aid,45
whim,8
rebel,15
usual,110
termin,7
quick,112
success,102
seri,27
slight,55
compens,5
trial,23
patienc,25
friendless,4
societi,66
sallow,11
rat,21
lestrad,243
girl,125
fashion,140
dress,199
half,352
afternoon,62
grey,57
seedi,5
elderli,39
woman,400
hair,138
interview,49
railway,21
porter,32
uniform,14
individu,31
beg,71
retir,53
apolog,34
inconveni,8
client,95
opportun,29
blank,17
prevent,63
forc,129
confid,105
accord,27
4th,8
march,23
somewhat,61
earlier,16
finish,68
landladi,33
accustom,25
coffe,31
prepar,72
unreason,5
petul,4
ring,184
bell,112
curt,6
intim,39
pick,131
silent,104
toast,5
articl,41
titl,20
book,169
shrewd,11
absurd,33
intens,37
fetch,16
exagger,12
writer,14
claim,60
momentari,4
twitch,21
fathom,6
imposs,108
analysi,18
proposit,12
startl,33
process,14
arriv,122
infer,37
atlant,5
without,360
hear,767
chain,62
whenev,8
link,33
art,28
allow,91
mortal,14
moral,10
mental,20
aspect,8
master,138
elementari,7
distinguish,26
histori,32
trade,28
profess,39
belong,47
exercis,26
sharpen,6
faculti,14
teach,17
nail,21
boot,102
forefing,11
shirt,23
cuff,10
plainli,22
reveal,19
unit,25
fail,88
enlighten,5
compet,6
almost,85
inconceiv,17
slap,10
egg,13
sinc,300
deni,33
write,291
irrit,12
evid,288
evolv,5
neat,18
seclus,5
third,95
carriag,105
underground,9
thousand,68
calmli,10
bread,7
consult,66
fault,29
manag,102
scent,46
straight,81
famili,148
resembl,12
odd,25
fog,50
recent,45
forgeri,8
mostli,6
agenc,17
troubl,135
stori,190
comment,14
pocket,194
fee,10
knot,19
although,38
themselv,73
quit,368
kind,127
intuit,7
complex,23
bustl,15
special,47
appli,39
rule,30
arous,28
invalu,11
swiftli,51
consciou,32
type,19
militari,6
tropic,7
tint,24
skin,37
wrist,30
fair,56
sick,26
haggard,26
injur,29
stiff,7
unnatur,20
english,67
occupi,23
simpl,88
remind,12
allen,11
outsid,147
pipe,99
compliment,19
compar,35
trick,27
silenc,109
superfici,8
analyt,9
geniu,18
doe,207
snif,10
sardon,7
miser,12
angri,34
voic,219
recommend,29
posit,145
ill,93
identifi,16
unknown,36
prison,89
twenti,105
text,10
felt,120
indign,10
charact,93
admir,77
cavali,4
clever,35
conceit,4
querul,6
famou,41
ever,385
amount,22
talent,16
motiv,50
scotland,58
yard,145
offici,80
still,431
chang,117
topic,4
stalwart,4
slowli,84
number,89
envelop,51
messag,103
sergeant,52
marin,9
guess,99
catch,157
rapidli,45
roadway,9
loud,49
knock,73
heavi,141
stair,125
letter,318
random,4
shot,114
lad,66
commissionair,19
sir,846
repair,12
slightli,12
malici,5
royal,14
click,14
heel,59
rais,136
salut,5
iii,7
proof,56
respect,74
remain,193
lurk,27
suspicion,85
episod,17
comprehens,4
note,243
lack,11
lustr,4
abstract,17
deduc,35
trifl,35
brusqu,4
excus,57
rude,20
thread,23
actual,65
easy,20
prove,142
tattoo,5
smack,5
sea,42
whisker,20
self,66
command,45
swung,23
cane,8
steadi,20
middl,79
age,93
ejacul,22
commonplac,33
pleas,86
wrong,103
cast,49
terribl,122
common,84
aloud,21
dear,310
brixton,32
road,226
amiss,13
front,215
bare,24
bodi,169
card,98
enoch,9
j,24
drebber,62
cleveland,9
u,4
robberi,27
loss,38
affair,157
twelv,62
statu,13
unabl,33
full,143
esteem,4
favour,35
faith,44
smartest,4
energet,17
convent,9
knive,5
jealou,4
pair,55
profession,51
amaz,87
calm,14
rippl,4
moment,286
cab,157
incur,7
shoe,37
leather,28
chanc,194
co,21
unoffici,10
superior,14
acknowledg,20
cut,146
tongu,25
hook,14
overcoat,27
hat,102
wish,229
furious,16
foggi,7
veil,19
top,88
beneath,40
depress,21
data,22
capit,30
theoriz,5
mistake,39
driver,28
insist,23
alight,13
journey,73
wear,65
omen,9
dreari,13
develop,57
pane,12
sprinkl,4
plant,20
separ,47
travers,10
pathway,13
appar,41
clay,28
gravel,16
rain,48
bind,79
brick,31
fring,20
wood,87
rail,23
constabl,53
loafer,7
crane,5
neck,50
strain,34
vain,32
glimps,51
hurri,134
plung,28
intent,81
border,23
affect,39
loung,15
pavement,19
gaze,68
sky,26
opposit,55
scrutini,4
path,123
grass,45
flank,9
rivet,7
twice,69
exclam,26
satisfact,36
footstep,27
wet,28
percept,9
hide,108
flaxen,5
notebook,10
rush,147
forward,128
wring,17
untouch,4
herd,4
along,145
mess,7
drawn,118
insid,106
colleagu,22
reli,16
eyebrow,34
parti,41
satisfi,47
stride,32
whose,141
plank,11
dusti,8
kitchen,42
obvious,32
dine,44
occur,150
subdu,14
feel,182
presenc,93
inspir,11
large,36
absenc,33
vulgar,6
flare,5
adorn,7
blotch,7
strip,12
detach,11
expos,30
fireplac,16
mantelpiec,33
imit,8
marbl,8
corner,149
stump,10
wax,19
candl,74
dirti,22
ting,17
intensifi,4
thick,73
layer,4
afterward,102
centr,82
grim,26
motionless,19
figur,158
stretch,73
stare,133
ceil,24
forti,37
size,39
crisp,11
curl,22
beard,84
frock,20
waistcoat,18
collar,29
brush,13
trim,16
floor,132
besid,185
clench,17
abroad,8
limb,30
struggl,53
grievou,4
rigid,26
hatr,22
malign,14
contort,11
combin,25
forehead,41
blunt,11
jaw,21
dead,214
singularli,11
ape,4
writh,18
grimi,4
main,43
suburban,8
ferret,6
doorway,24
greet,27
stir,19
chicken,4
clue,96
none,162
chime,7
kneel,18
numer,21
presum,72
attend,31
van,11
fli,54
everywher,12
press,74
conduct,43
sole,24
patent,12
necessari,49
purpos,75
stranger,82
lift,23
carri,199
tinkl,5
roll,45
grab,4
wed,57
palm,15
gather,56
bride,11
complic,19
simplifi,5
albert,6
solid,26
devic,16
pin,19
dog,129
russian,15
correspond,48
e,27
loo,48
seven,114
pound,77
thirteen,7
edit,12
joseph,37
stangerson,47
leaf,8
address,134
american,73
exchang,27
till,20
refer,68
sail,12
boat,55
liverpool,21
clear,398
unfortun,69
york,21
newspap,27
telegraph,35
glad,120
offend,13
hall,215
reappear,11
scene,81
pompou,5
overlook,22
sparkl,10
suppress,19
exult,19
atmospher,25
ghastli,23
inmat,5
match,58
triumphantli,5
peel,4
coars,25
space,22
scrawl,22
rach,5
exhibit,13
smear,9
trickl,4
dispos,23
suicid,19
anyhow,47
choose,38
bright,74
instead,41
femal,8
rachel,8
disturb,41
smart,28
pardon,9
ruffl,5
burst,61
explos,8
laughter,19
particip,4
whip,29
tape,7
measur,37
magnifi,7
noiselessli,9
flat,29
occup,24
chatter,6
breath,72
groan,33
whistl,37
suggest,185
encourag,15
foxhound,4
dash,53
backward,28
whine,12
research,34
distanc,66
entir,115
invis,19
equal,43
incomprehens,4
pile,36
replac,22
infinit,19
capac,12
amateur,16
contempt,4
appreci,27
action,83
rob,11
piti,31
interfer,18
investig,131
happi,83
meantim,19
court,58
kennington,11
park,34
gate,95
prime,15
trichinopoli,5
cigar,81
victim,46
wheel,43
fore,8
probabl,148
florid,5
indic,82
incredul,11
former,29
curtli,4
german,59
reveng,22
rival,9
behind,260
iv,6
clock,157
whenc,23
telegram,90
pretend,19
rut,4
curb,5
hoof,10
outlin,30
length,39
calcul,19
bore,42
check,38
instinct,26
level,19
effort,64
breadth,8
toe,20
hop,5
ordinari,47
dip,13
scratch,26
ash,32
monograph,15
flatter,8
brand,11
skill,16
ah,162
dare,92
brow,66
whirl,12
grow,90
cabman,25
compel,29
approvingli,6
sum,52
obscur,26
blind,58
track,134
social,10
secret,165
print,71
real,51
latin,4
divert,5
method,87
flush,54
earnest,29
sensit,15
furi,18
tragedi,76
rest,151
mere,99
surmis,19
conjectur,27
basi,11
concert,6
dingi,5
slit,11
attract,30
local,48
pave,4
flag,18
sordid,5
dwell,19
group,26
decor,6
slip,105
brass,18
engrav,5
enquiri,4
parlour,8
await,47
slumber,8
report,114
sovereign,18
pensiv,5
knit,8
omit,9
narr,57
fight,40
harri,9
murcher,4
holland,6
grove,10
mayb,50
preciou,31
soul,81
uncommon,6
handi,8
hot,48
glint,12
account,168
win,121
tenant,17
heap,25
violent,38
jump,34
utmost,40
true,141
lonesom,4
wors,56
grave,63
kill,85
lantern,48
pull,114
frighten,60
arrest,107
resum,26
seat,114
anybodi,5
goe,62
broaden,7
grin,19
drunk,17
chap,27
pitch,15
stuff,13
prop,5
muffl,12
policeman,42
home,188
mutter,26
happen,151
afraid,66
ornament,5
gain,59
stripe,5
seek,33
argu,29
uncomfort,4
blunder,16
bitterli,21
bit,58
luck,47
descript,45
bait,6
thank,142
fine,94
eh,25
colourless,4
isol,7
inch,35
attack,51
splendid,15
magnific,14
la,6
bloodhound,6
medit,7
v,23
exert,18
tire,20
departur,20
sleep,102
strange,8
distort,11
baboon,6
counten,11
sinist,43
gratitud,7
owner,35
hypothesi,29
caus,165
thickli,11
weapon,58
antagonist,7
unsolv,4
convinc,76
detain,9
dinner,45
race,22
speech,23
influenc,40
vagu,60
memori,42
childhood,4
upset,14
truth,125
harden,12
comrad,29
hack,4
mention,70
fell,111
immedi,57
announc,23
column,40
eight,58
meddl,6
expect,185
accomplic,16
danger,216
correct,46
risk,31
stoop,38
owe,38
folli,4
burn,78
trap,54
connect,110
servic,85
revolv,68
cartridg,8
clean,72
load,14
desper,36
bedroom,109
advic,73
pistol,52
plot,23
thicken,6
string,17
key,130
stall,8
yesterday,97
de,23
publish,11
firm,43
volum,30
printer,4
whoever,24
fade,20
ex,11
william,36
lawyer,18
softli,9
servant,126
latch,7
harsh,9
footfal,7
shuffl,7
summon,23
violenc,43
wrinkl,12
sudden,106
blink,12
nervou,61
shaki,5
salli,5
marri,116
husband,153
steward,8
aboard,11
union,17
especi,34
drink,53
circu,4
lord,123
13,10
duncan,9
weari,48
sharpli,16
keenli,29
rim,10
sawyer,4
shore,10
liquor,6
shop,34
obedi,4
daughter,77
restor,11
mumbl,9
bless,30
ulster,8
cravat,15
hurriedli,14
wait,324
slam,15
descend,42
pursuer,13
puf,18
page,63
henri,179
maid,106
patter,9
tread,15
amus,44
chagrin,5
hearti,11
afford,25
creatur,79
limp,18
sore,13
halt,26
wheeler,16
anxiou,46
sang,5
genuin,6
perch,7
rein,5
frantic,14
collect,37
oath,23
trace,156
passeng,12
fare,10
totter,5
motion,17
damn,12
activ,38
actor,8
obey,14
injunct,8
smoulder,9
wail,5
vi,6
leader,15
retain,32
scrap,12
clip,8
extract,18
condens,5
inscript,13
america,53
deceas,19
principl,6
highway,5
foreign,39
standard,8
lawless,4
outrag,23
liber,7
administr,6
aros,7
mass,11
consequ,25
weaken,8
author,34
madam,45
charpenti,11
terrac,17
camberwel,14
accompani,23
secretari,63
tuesday,25
euston,6
platform,17
record,64
mile,121
fate,73
involv,23
whereabout,11
anticip,12
speedili,12
despot,4
anim,39
continent,5
excel,120
citizen,19
recollect,28
code,10
punish,25
ascertain,22
due,37
acut,12
least,157
escap,112
spite,35
tail,19
un,6
sot,4
l,43
audibl,4
disgust,9
divis,11
dozen,45
rag,13
arab,6
tone,31
scoundrel,11
disreput,7
futur,53
wiggin,10
youth,31
wage,9
wave,38
downstair,29
shrill,9
beggar,8
seal,39
youngster,8
hullo,17
vengeanc,18
peal,6
shade,21
anxieti,25
lock,110
lieuten,8
majesti,20
navi,5
fat,18
chest,39
sigh,16
relief,23
relax,14
whiskey,5
tremend,12
worker,6
thigh,6
paroxysm,7
altogeth,26
choke,14
strictli,5
anteced,5
volunt,13
son,139
crest,5
reliev,18
neglect,18
sell,39
establish,50
thu,32
pale,83
distress,6
trembl,30
thrill,27
boarder,10
mother,74
nod,30
tear,45
gulp,4
throat,49
agit,43
15,7
perfectli,67
livid,13
frank,51
forgiv,23
sink,69
brother,235
firmli,12
alic,17
behalf,5
aris,8
utterli,27
innoc,49
dread,89
compromis,11
breast,37
withdraw,17
disclos,14
decid,26
wise,35
nearli,104
contin,13
label,7
trunk,8
reserv,25
sorri,64
otherwis,32
sober,9
attitud,16
fortun,92
embrac,6
reproach,15
rid,15
blush,8
temptat,5
fourteen,9
slack,4
season,13
widow,21
boy,147
cost,25
grudg,11
fond,25
sister,84
ala,9
incoher,8
spare,40
shrunk,5
scream,68
confus,19
scuffl,12
terrifi,11
statement,60
gasp,44
paus,32
yawn,9
fix,74
warn,92
quietli,49
bold,19
suspici,21
describ,58
stout,26
oak,29
cudgel,7
alterc,4
blow,119
pit,13
drag,39
neatli,9
satisfactori,9
assur,118
jaunti,5
demeanour,5
disarrang,6
untidi,8
embarrass,10
nervous,12
halliday,5
vii,6
intellig,33
unexpect,30
compress,11
council,9
stammer,11
confront,9
30,11
vicin,4
hang,70
agre,48
beforehand,5
avail,16
earli,92
georg,34
upstair,41
ribbon,6
pool,27
skirt,13
faint,55
huddl,16
stab,13
penetr,20
creep,22
flesh,8
presenti,4
awe,4
deed,37
assassin,21
field,57
tingl,8
milk,14
mew,5
ladder,8
wide,27
openli,6
beyond,82
reddish,8
basin,4
sheet,61
deliber,18
wipe,6
knife,74
memoranda,5
date,71
contain,61
europ,32
novel,16
sill,21
chip,5
pill,15
tangl,26
fill,74
terrier,7
labour,12
glaze,4
snow,27
muzzl,10
proclaim,9
cushion,11
rug,16
readili,16
dissolv,6
lap,16
saucer,4
lick,4
dri,48
draught,10
disappoint,35
gnaw,5
drum,7
symptom,18
emot,47
sincer,6
coincid,23
spring,79
pace,56
wildli,12
fals,39
wretch,22
shriek,18
moisten,4
convuls,33
shiver,16
lightn,4
perspir,6
oppos,8
capabl,36
deadli,29
harmless,8
sen,65
mist,9
dim,27
grasp,39
supposit,18
logic,16
sequenc,14
henc,17
perplex,15
strengthen,8
confound,6
outr茅,6
render,8
hint,20
requir,13
withhold,10
delay,25
irresolut,5
sunk,42
abruptli,8
shortli,38
handl,55
support,17
secur,77
vanish,44
inhabit,23
hurt,34
promis,121
allus,15
root,16
glisten,10
resent,8
insignific,7
blandli,5
pattern,4
steel,18
handcuff,9
drawer,32
fasten,44
strap,6
task,36
sullen,7
defiant,7
metal,37
flash,37
jefferson,40
quickli,38
vivid,5
triumphant,11
daze,17
savag,54
glare,40
magic,5
inarticul,4
roar,31
hurl,19
woodwork,7
commenc,14
terrif,4
fierc,55
mangl,4
resist,20
breathless,7
pant,14
welcom,36
refus,67
saint,11
central,35
north,42
repuls,9
desert,44
barrier,5
sierra,7
nevada,7
river,44
south,61
region,10
desol,12
mood,16
throughout,8
district,36
cap,41
mountain,41
gloomi,23
swift,21
flow,9
jag,13
ca帽on,4
enorm,31
winter,21
summer,22
preserv,41
barren,11
miseri,8
hunt,51
brave,18
prairi,5
buzzard,4
flap,12
heavili,43
ravin,9
amongst,4
rock,58
northern,8
slope,29
blanco,4
patch,29
intersect,7
clump,15
bush,34
verg,9
horizon,12
peak,11
summit,11
fleck,6
bird,60
movement,34
absolut,140
shadow,103
mighti,13
wind,88
trodden,4
deposit,8
fifteen,20
caravan,6
rout,8
waysid,5
fourth,16
eighteen,9
demon,6
nearer,31
sixti,12
tightli,9
project,19
rifl,25
skeleton,4
massiv,20
framework,6
wiri,5
vigor,12
constitut,12
gaunt,19
senil,4
decrepit,4
hunger,6
toil,5
salt,18
belt,5
anywher,15
tree,65
moistur,5
landscap,11
gleam,58
east,39
west,83
wild,75
realis,9
wander,45
crag,5
feather,10
shelter,16
boulder,21
also,261
bundl,41
tie,37
shawl,8
slung,5
instantli,56
parcel,11
moan,12
protrud,20
scare,21
fist,13
childish,8
pretti,74
dainti,8
pink,15
apron,5
healthi,6
cover,108
kiss,12
graviti,7
shove,11
funni,10
goin,4
tea,24
aw,18
eat,24
deari,4
fragment,16
bob,7
reckon,13
compass,9
map,22
sob,27
heav,5
tramp,11
fright,21
bet,21
big,57
vault,5
speck,7
resolv,10
vultur,4
cock,33
hen,6
somebodi,11
offer,63
prayer,8
diffid,4
waggon,9
reckless,10
entreati,7
merci,29
asleep,22
repos,5
eyelid,11
droop,17
grizzl,22
mix,13
awak,10
spray,7
defin,14
cloud,63
fertil,4
bluff,9
castaway,4
canva,5
tilt,5
haze,10
apparit,7
rear,9
visibl,28
straggl,7
cart,31
horseback,4
innumer,6
stagger,27
peep,31
immigr,5
stress,5
clatter,20
rumbl,4
creak,17
suffici,30
rous,18
ride,33
clad,29
sombr,19
garment,8
shaven,18
grand,11
abandon,29
respond,5
keen,69
flutter,10
wisp,5
gallop,10
elder,29
practis,10
scout,4
watcher,7
flit,6
overcom,6
crown,20
hill,69
giant,16
placid,9
fast,28
encircl,5
sinewi,5
teeth,30
plump,7
sock,6
shine,49
contrast,15
member,47
ledg,12
solemn,21
comer,4
sullenli,4
foul,28
awok,6
sleeper,15
bewilder,6
overtake,14
beast,31
delirium,6
rescu,7
delus,4
defiantli,5
luci,33
sunburn,10
persecut,8
jest,9
sacr,7
sternli,16
plate,21
holi,15
smith,75
templ,16
refug,9
recal,31
mormon,22
meek,4
escort,14
conspicu,5
wherea,6
thirti,63
resolut,28
asid,27
fold,25
decay,7
restrain,5
stern,23
food,34
crack,22
meal,19
recov,66
fatigu,9
forev,49
religion,9
endur,14
western,8
rocki,4
diseas,26
tenac,4
accumul,7
terror,57
bath,17
sunlight,7
acr,6
chief,32
chart,18
farm,32
tradesman,10
town,115
hedg,33
crop,21
prosper,18
settlement,7
erect,11
dawn,14
twilight,9
hammer,19
rasp,6
absent,25
monument,4
adopt,16
born,27
retreat,19
wive,9
shock,53
pet,7
hunter,52
provid,25
tract,5
build,88
substanti,5
log,8
villa,24
iron,67
enabl,26
exceedingli,44
neighbour,41
rich,68
lake,23
argument,21
persuas,5
induc,14
persist,9
inflex,4
adher,7
accus,24
wealth,22
love,168
pine,8
orthodox,5
father,233
undertak,15
odour,4
nurs,27
cheek,45
lith,8
trip,9
mount,33
eas,19
grace,52
farmer,21
specimen,17
subtl,20
maiden,18
pride,19
incid,89
herald,10
seriou,68
destini,6
warm,23
june,11
bee,15
emblem,4
hum,35
industri,4
defil,9
stream,41
california,14
elect,5
sheep,17
outli,6
intermin,7
rider,8
chestnut,7
float,8
commiss,23
fearless,9
perform,25
unemot,6
marvel,12
outskirt,6
block,25
cattl,7
obstacl,8
gap,19
scarc,9
horn,7
urg,11
accid,27
design,19
contact,12
mad,62
hind,11
rage,14
toss,35
peril,9
saddl,7
emerg,40
swim,8
bridl,4
steam,21
kindli,57
cow,14
earnestli,26
rough,50
st,97
demur,9
visit,131
condit,35
trust,112
dart,37
taciturn,5
prospect,18
depth,15
crisi,14
specul,18
imperi,8
undertake,6
swore,17
persever,6
pioneer,4
narrat,8
tale,20
explor,13
wherev,11
search,76
virtu,6
honest,23
assuredli,4
fenc,11
darl,10
consent,13
whisper,69
hoar,13
impend,5
marriag,68
regard,31
shame,15
disgrac,18
retribut,5
itali,5
machineri,6
organ,32
church,29
whither,4
befall,6
wife,244
judg,53
rash,5
hasti,4
suspend,4
oppress,5
wider,6
suppli,31
popul,5
rumour,18
camp,12
weep,9
belat,6
gang,40
mask,22
stealthi,10
noiseless,5
substanc,6
corrobor,20
mission,20
forth,18
sword,4
repar,6
sandi,7
bode,4
coldli,12
starv,8
protect,21
usag,5
truli,7
fund,10
intern,14
gossip,22
idl,8
sin,10
depriv,7
choic,12
thunder,16
blanch,8
threaten,33
gestur,20
soft,35
somehow,9
squeez,12
christian,4
folk,59
pray,80
hole,41
speed,17
advis,40
knuckl,6
darn,5
charg,69
buckshot,4
swell,8
consol,7
unusu,46
rusti,7
shotgun,12
c,28
immin,6
post,72
stave,10
popular,23
nation,15
nay,4
richer,8
warmli,12
tan,5
factori,6
rejoin,9
fume,8
defi,5
exclaim,21
rascal,22
sooner,37
rank,8
minor,9
error,8
shadowi,7
suspens,8
conceal,88
remonstr,11
threat,16
outhous,9
crumpl,11
chill,25
balanc,24
slay,4
upward,22
paint,12
unseen,10
regist,13
vigil,12
restless,18
team,7
powerless,7
guard,78
waver,5
dishonour,5
deepli,45
vainli,4
impot,6
gentl,22
distinct,29
repeat,49
gentli,19
panel,15
midnight,21
bolt,18
star,22
twinkl,25
brightli,17
inclin,32
prostrat,10
rapid,17
serpent,4
bite,9
flung,20
meat,4
host,17
supper,25
devour,6
crawl,21
alli,15
proud,28
hit,18
nest,7
harm,57
eagl,8
dollar,19
wake,41
lover,23
brief,7
caution,14
butt,11
extinguish,4
darken,15
peer,35
sacrific,7
regret,25
peac,48
rustl,12
grain,8
bag,47
scanti,4
provis,7
valu,60
crouch,28
stumbl,11
ear,102
signal,38
sentinel,6
progress,21
recognit,6
footpath,5
loom,11
watercours,4
screen,18
bewild,7
tower,21
menac,16
surfac,18
rib,5
monster,7
debri,5
irregular,27
file,13
fugit,16
challeng,5
dissatisfi,7
promptli,6
freedom,11
intric,6
strewn,6
regain,14
steep,12
bank,67
echo,10
gorg,5
eastern,10
ruddi,15
glow,27
spectacl,16
torrent,6
sweep,38
inexor,9
beetl,7
warmth,5
enjoy,13
crush,23
store,20
uneasi,24
game,79
bitter,37
tether,4
interven,5
bark,10
fruitless,4
edg,64
jut,6
pinnacl,6
gigant,13
guardian,6
flock,4
trigger,8
crash,14
trophi,6
hasten,18
retrac,4
cliff,14
weigh,16
ensur,5
onward,16
tend,11
reign,10
convict,71
spin,6
essenti,44
temporari,11
consum,15
stamp,19
persuad,18
newli,9
formerli,7
august,10
fulfil,15
certainti,16
sustain,4
vindict,11
grief,25
thorough,6
untir,4
cook,19
snatch,20
sixth,4
thenc,7
exhaust,26
widespread,8
accost,4
tatter,4
unkempt,9
worth,60
warrant,25
sake,75
endow,5
ghost,10
chisel,6
haunt,11
hate,30
mourn,6
custom,25
cower,5
rever,8
buri,33
snarl,14
linger,5
weird,8
prowl,5
flatten,12
expedit,25
captur,17
precaut,34
nightfal,6
oppon,10
cool,20
predomin,5
incess,4
exposur,13
overtak,13
recruit,5
unforeseen,5
memor,4
disguis,26
careless,15
evil,58
tide,11
younger,29
convert,4
wealthi,13
quest,22
reward,31
pursuit,18
repres,26
jealousi,11
custodi,7
concentr,24
pari,18
journal,9
furiou,16
feroc,9
disposit,16
affabl,4
loosen,7
ankl,9
trail,39
assent,9
usher,16
inspector,228
mechan,5
magistr,12
throb,8
quiver,34
frail,6
buzz,10
sourc,14
aneur,4
discuss,40
liberti,24
easili,56
mend,4
brink,4
event,115
accuraci,4
access,8
guilti,39
forfeit,5
guilt,21
juri,22
vow,8
job,51
contriv,5
earn,35
cun,38
discourag,5
undon,4
luggag,17
shift,7
swear,83
dictat,8
mould,14
duplic,15
construct,14
waterloo,21
bridg,40
drank,11
kick,12
insult,8
craze,5
palac,8
billet,9
colleg,20
lectur,9
arrow,5
meant,56
dispens,5
noisi,4
handkerchief,25
dismal,7
sweet,23
ahead,12
drip,8
drunken,17
cabbi,9
infern,12
pul,7
gush,4
slow,28
coward,8
slaughter,4
accurs,4
thrust,51
swallow,4
spasm,5
mischiev,9
conveni,22
nobodi,14
boldli,4
disarm,5
hopelessli,6
debt,17
indoor,12
fly,25
defenc,16
wink,7
heartili,21
compli,5
thursday,12
warder,10
testimoni,8
strict,8
cell,14
chat,18
instruct,40
simplic,10
fifti,52
inner,30
conscious,12
brougham,18
compos,17
peculiarli,13
suitabl,5
trampl,8
happili,4
footmark,32
obliter,6
nocturn,9
eleg,7
foreseen,6
exclus,4
unheard,4
annal,10
contrari,43
career,43
neg,6
robust,5
correctli,4
betray,18
ceas,33
proprietor,6
flaw,10
merit,6
paragraph,11
public,109
effici,9
lesson,9
solut,47
bald,12
pondicherri,16
demonstr,13
barrel,34
island,26
agra,24
treasur,96
jonathan,25
syring,5
adjust,6
forearm,14
dot,9
scar,10
tini,11
velvet,9
wit,90
conscienc,21
nightli,4
deliv,21
qualiti,30
cocain,9
languidli,4
per,5
cent,5
extra,8
vehem,5
physic,17
count,18
patholog,6
perman,12
abstrus,7
artifici,7
routin,11
exalt,11
creat,5
appeal,31
athelney,19
jone,55
normal,7
specialist,15
sadli,8
honestli,4
romanc,8
tamper,7
deserv,17
curiou,103
critic,13
demand,15
extend,21
french,37
celtic,4
defici,4
parallel,9
stray,5
coup,4
testifi,5
ardent,4
pupil,5
rate,24
highli,18
lightli,12
gift,15
ideal,5
technic,11
exampl,59
cigarett,52
color,27
illustr,9
suprem,12
sailor,28
compositor,4
diamond,14
polish,7
hobbi,12
applic,7
impli,6
luxuri,14
armchair,27
wreath,9
impuls,16
absurdli,7
explan,90
nowher,8
neighborhood,4
wire,60
elimin,7
factor,19
simplest,5
impertin,4
submit,15
dial,5
nake,11
len,30
snap,26
lame,5
failur,10
inherit,11
w,5
initi,34
descent,6
eldest,4
unhappi,26
accept,34
destruct,14
coin,10
feat,6
guinea,16
pawnbrok,9
ticket,23
pledg,16
drunkard,5
daylight,15
injustic,11
swirl,12
prosaic,8
materi,30
salver,4
mari,60
morstan,70
hudson,60
outward,5
composur,8
blond,6
glove,20
costum,6
turban,4
hue,6
complexion,9
amiabl,17
spiritu,4
sympathet,7
refin,7
inward,8
cecil,27
forrest,16
domest,6
inexplic,18
brisk,12
relaps,8
briefli,5
rel,15
seventeen,5
senior,12
captain,59
langham,5
sentenc,26
decemb,4
andaman,14
major,39
sholto,80
upper,38
singular,139
1882,6
gover,15
pearl,28
sender,8
varieti,6
yourselv,20
handsom,44
postmark,7
juli,5
postman,4
packet,27
pillar,8
theatr,10
distrust,7
handwrit,8
model,4
spread,19
undoubtedli,54
unlik,31
au,7
revoir,5
bosom,13
briskli,5
gray,63
machin,25
inhuman,5
insur,4
scribbl,19
legibl,8
illeg,7
k,23
pen,34
overhung,7
treatis,6
brighten,10
cup,23
pour,36
admit,64
april,9
valuabl,38
culmin,5
heir,25
aliv,44
cloak,12
enterpris,8
embark,5
control,16
troop,9
unfold,9
smooth,18
doubl,57
nativ,15
manufactur,4
hieroglyph,6
mahomet,9
singh,8
abdullah,8
khan,5
dost,5
akbar,7
reconsid,7
outcom,5
impenetr,6
den,34
muddi,9
circular,5
glimmer,27
murki,5
radianc,5
thoroughfar,9
endless,6
sad,27
gloom,34
petti,13
discharg,11
cargo,4
coachman,23
bent,31
errand,18
invit,19
hoax,4
issu,20
endeavor,16
declar,25
anecdot,4
musket,8
tiger,31
vincent,7
surrey,18
fleet,10
thame,13
labyrinth,8
robert,7
neighbor,17
hindoo,4
sash,6
orient,4
frame,33
sahib,13
fir,7
perpetu,7
jerk,12
scowl,7
strive,8
constantli,4
obtrus,5
howl,12
curtain,49
drape,6
loop,4
carpet,45
amber,6
moss,8
huge,60
hookah,4
mat,16
thaddeu,36
ecstasi,4
refrain,4
callou,4
bartholomew,23
sette,9
wateri,4
agreement,9
tokay,4
flask,7
mild,5
taper,6
bowl,6
jerki,6
disregard,11
unpleas,22
appoint,46
discret,14
shrink,16
connoisseur,7
modern,22
staff,16
buy,47
twin,5
prize,16
fighter,5
weight,44
avers,13
wooden,71
hush,24
enlarg,5
pillow,9
treatment,10
orphan,5
foolish,16
chaplet,5
lal,7
chowdar,4
heat,11
anger,44
distract,12
quarrel,37
gash,5
particularli,26
necess,6
steal,47
clung,5
horribl,67
yell,22
whiten,4
hairi,5
cruel,19
intrud,21
cupboard,15
torn,28
phrase,5
associ,54
caraf,4
lid,25
tax,13
sagac,4
obviou,94
madden,6
truste,5
plenti,21
coil,10
button,17
attir,7
rabbit,11
prearrang,9
incessantli,5
seventi,7
total,7
garret,8
rafter,6
jewel,30
heiress,4
loyal,7
rejoic,13
asham,22
selfish,11
deaf,7
implor,26
oil,11
stage,25
damp,14
westward,5
rift,4
girt,6
tat,4
gruff,7
mcmurdo,210
clank,8
helpless,23
benefit,8
wast,50
vast,9
distinctli,16
premis,14
favorit,14
moonshin,4
housekeep,44
bernston,6
sway,9
monoton,6
ballarat,7
plead,6
sooth,24
hyster,7
pat,11
womanli,5
bloodless,5
sorrow,13
shapeless,5
smudg,7
cocoa,4
shoot,35
pictur,79
intak,4
devilish,6
recoil,4
moonlight,12
yield,8
wicker,4
basket,11
leak,5
pungent,5
tar,5
midst,10
rope,45
inscrut,7
lash,14
thorn,6
darker,8
frenzi,12
footprint,12
roof,64
disc,7
timber,11
scale,11
angl,23
crevic,5
swarm,8
shut,52
inaccess,4
chimney,15
grate,18
improb,11
beam,12
shell,6
horrid,4
conceiv,37
furtiv,10
defens,5
contract,19
loudli,15
portli,5
burli,5
swollen,8
pouch,14
palpit,5
warren,25
guidanc,4
lucki,18
weav,4
web,8
net,23
splinter,8
inscrib,4
bulk,6
shrug,50
n,10
pa,10
partli,18
queen,10
educ,24
sneer,10
occurr,12
stricken,11
independ,14
mare,7
sherman,4
tobi,26
restraint,5
sympathi,32
disadvantag,5
obtrud,4
honor,13
intimaci,7
impass,13
waist,8
cling,5
rod,6
ga,23
tragic,26
baggag,8
shabbi,4
graciou,9
nip,7
wick,22
cage,9
worm,8
fang,7
dimli,16
fowl,7
lazili,4
ugli,11
spaniel,6
waddl,4
hesit,33
naturalist,11
accessori,5
display,6
reclin,4
lend,8
climb,24
creasot,7
clamber,6
ridg,6
stack,6
eav,6
steadili,15
tile,5
weave,6
strung,4
hellish,5
fluffi,7
comic,11
bouquet,4
cord,20
leash,5
underneath,8
traffic,7
intellectu,15
englishman,20
dramat,18
sequel,7
imprison,10
concis,4
butler,63
relat,45
doubtless,9
whimsic,5
confeder,27
household,43
gag,6
ambit,5
element,8
paul,6
brook,11
parent,9
comparison,4
nasti,5
jacket,19
shutter,29
streatham,5
curious,13
zigzag,4
bond,11
knight,4
indecis,5
tug,12
elm,13
enclosur,10
sawdust,4
shave,15
alley,22
uncontrol,10
princ,8
wharf,15
current,4
mordecai,9
hire,13
launch,36
omin,5
curli,6
spong,7
jack,71
coal,28
woolwich,18
barg,4
gravesend,7
monkey,6
jim,13
aurora,19
green,59
streak,7
funnel,4
oyster,5
coloss,4
chase,21
afoot,9
despatch,15
resourc,15
ham,8
gem,19
experienc,9
thief,27
thiev,9
burglari,16
prompt,20
dismay,9
disciplin,5
entri,10
invad,4
thoroughli,16
overhear,4
uniqu,22
anyway,5
bulki,13
shelf,16
gazett,4
sumatra,4
bay,12
moist,5
port,9
africa,19
averag,7
moro,9
friendship,18
hideou,17
crew,9
survivor,5
club,44
cannib,5
dream,40
refresh,9
provok,6
atroci,5
sentiment,6
ruffian,22
earl,10
elat,4
behav,5
worthi,24
inact,6
feverish,4
craft,9
dismiss,17
inquest,23
deject,6
clink,6
bedsid,5
pea,6
loath,11
releas,16
culprit,8
prosecut,7
agoni,21
ingeni,10
villain,41
decept,11
deceiv,20
trivial,25
mop,5
soda,4
worri,9
alibi,8
stake,23
confidenti,11
oaken,6
bushi,7
recompens,5
wig,5
rogu,8
cough,7
westminst,12
stanch,4
elsewher,16
understood,41
brace,11
brilliant,23
humor,14
preced,11
sociabl,4
rudder,4
jacobson,4
steamer,6
statesman,14
product,8
coloni,10
shed,10
liabl,4
seaman,18
foreman,6
sentri,4
snug,5
span,4
ray,4
grant,19
yonder,29
spark,10
mathemat,7
vari,12
furnac,5
whizz,4
blur,18
foam,5
merchant,17
aquilin,8
vibrat,6
dock,13
deck,11
sport,18
poi,6
downward,7
strident,4
straighten,10
wrap,9
sleepless,7
cruelti,9
quarri,5
pluck,18
sideway,7
venom,8
amid,39
southern,6
expans,11
stagnant,5
thud,9
sodden,8
haul,8
fish,16
transfer,4
cabin,15
captiv,4
aggress,4
humour,23
frankli,13
swing,19
hell,17
tonga,13
griev,7
undo,13
overpow,11
scrambl,9
dartmoor,16
achmet,11
condemn,9
unnecessari,17
pose,7
jovial,10
boister,5
coolli,7
hollow,26
narrowli,7
indiffer,9
borrow,7
poker,14
imag,7
lever,6
shred,5
disloy,4
gloomili,6
listless,8
angrili,5
loot,6
sidelong,4
ridden,4
hut,47
bitten,8
rack,10
bulli,9
soldier,21
goo,28
holder,29
drown,6
invalid,12
crippl,12
abelwhit,4
colonel,152
strongli,24
plantat,10
mutini,5
kent,9
provinc,7
european,20
estat,32
obstin,7
veranda,7
peg,9
dawson,6
eaten,8
sepoy,4
fiend,18
sikh,17
artilleri,5
powder,25
tortur,7
fort,19
queerest,7
rum,9
select,17
raw,7
bang,7
assault,10
ditch,6
countryman,8
rajah,5
lion,8
trusti,10
er,5
devis,11
moat,24
uncov,5
mire,27
flood,7
mous,5
flint,5
abus,6
governor,7
soften,8
ere,4
brew,4
defianc,4
lenient,5
crumbl,6
carv,6
nineti,5
emerald,4
cat,14
solemnli,7
renew,12
privaci,4
wilson,41
plunder,5
spi,16
depos,6
penal,4
servitud,4
privileg,9
drug,18
lookout,4
surgeri,9
crafti,4
sli,8
civilian,4
unfair,6
poorer,6
rave,7
nonsens,7
repent,5
partnership,4
tempt,6
apiec,6
voyag,17
yacht,6
coast,13
mail,5
uncl,45
gallow,8
snake,9
mate,21
vile,9
skull,15
clutch,24
token,4
penni,14
screw,14
wari,4
drama,15
charm,26
surviv,7
ordeal,7
eclips,4
sex,5
akin,5
iren,18
adler,17
abhorr,4
intrus,18
tempera,4
bohemian,5
woo,4
brilliantli,5
silhouett,4
clasp,16
introspect,7
har,4
crust,4
instanc,16
baffl,8
chronicl,18
signatur,8
insens,10
g,11
p,19
maker,7
monogram,4
shelv,4
silk,13
halfway,9
fur,4
brim,10
accent,12
nobleman,13
secreci,18
serious,25
implic,9
hereditari,8
king,53
languid,5
incis,6
condescend,4
duke,42
lengthi,5
index,7
docket,4
biographi,4
sandwich,5
entangl,6
certif,9
blackmail,17
pooh,5
photograph,50
indiscret,6
insan,10
burglar,33
ransack,6
sax,7
monday,60
kingdom,5
receipt,5
brioni,11
serpentin,8
avenu,18
cabinet,17
groom,18
tweed,13
preposter,9
coach,4
ostler,4
shag,5
neighbourhood,25
bonnet,7
planet,4
sing,8
male,7
godfrey,41
norton,7
mistress,27
widen,4
moustach,25
flurri,4
gross,6
regent,12
landau,5
faster,4
surplic,4
clergyman,17
altar,7
licens,4
bridegroom,9
beer,4
oper,25
turner,22
tray,7
neutral,5
convey,27
plumber,7
rocket,4
confin,17
benevol,5
dusk,9
scissor,12
fro,7
banker,21
indirect,4
burgl,7
curv,49
loaf,5
couch,13
compunct,5
conspir,8
treacheri,5
everyon,18
piteou,4
substitut,4
babi,4
unmarri,9
recess,6
slide,5
mister,24
slim,6
chare,21
celebr,9
imprud,10
cruelli,5
epistl,5
indebt,6
autumn,12
fieri,9
judici,8
embellish,6
sutherland,11
jabez,11
belief,14
shepherd,6
drab,5
dangl,7
fray,10
snuff,6
china,7
shini,6
chine,5
reput,38
candid,6
hopkin,78
vacanc,13
entitl,4
salari,13
拢4,4
ross,31
pope,6
wriggl,4
coburg,9
spauld,8
market,20
dive,4
cellar,22
crib,4
berth,7
holiday,7
barrow,5
straw,13
irish,11
entertain,4
pension,6
benefactor,6
lengthen,5
awkward,10
friday,8
budg,4
copi,42
encyclopaedia,7
foolscap,10
saturday,22
architectur,4
b,10
octob,8
survey,11
rueful,6
landlord,18
morri,38
solicitor,5
edward,21
graver,4
joke,35
cheap,4
gipsi,12
bill,25
jame,105
italian,27
genteel,4
lawn,52
laurel,10
ball,12
pucker,8
mortim,122
tobacconist,4
restaur,5
mcfarlan,26
depot,5
assert,7
astut,10
contempl,5
askanc,4
stupid,8
grotesqu,26
kensington,14
oxford,19
recognis,25
merryweath,12
defer,5
rubber,7
000,5
forger,4
cornwal,6
director,10
imbecil,6
bulldog,6
tenaci,4
claw,8
crate,5
suffic,8
chairman,14
justifi,27
tension,5
area,8
withdrawn,4
gape,6
apertur,4
pal,8
quicker,5
vein,13
seren,4
repay,5
defeat,4
whiski,11
lure,4
intrigu,6
elabor,12
tunnel,11
burrow,8
tout,4
fascin,8
artist,14
vital,17
everybodi,6
crude,5
simpler,5
duchess,8
devonshir,18
oscil,4
fidget,7
clang,10
courtesi,8
typewrit,13
hosmer,23
tip,22
windibank,20
stepfath,21
tottenham,6
tidi,7
hardi,5
rambl,10
indulg,6
purpl,7
leadenhal,5
typewrite,8
catastroph,10
foresee,5
lyon,25
claret,4
lace,5
slate,11
jet,4
farthest,5
fulli,17
violet,15
gaiter,9
breach,8
institut,6
sideboard,10
slur,4
defect,4
r,10
suav,6
collaps,9
affection,6
decidedli,4
suitor,6
fidel,5
farther,46
unlock,19
devoid,6
profit,18
sampl,8
persian,4
horac,8
sceneri,5
paddington,11
vali,11
rummag,6
onto,8
australia,11
hatherley,18
mccarthi,40
australian,6
3rd,4
keeper,21
reed,5
moran,32
languag,13
injuri,34
inflict,13
verdict,7
wil,5
wednesday,13
assiz,9
coron,23
circumstanti,4
uncompromis,4
destroy,26
incap,6
constabulari,8
polici,6
scheme,20
bristol,6
cooee,7
roughli,11
ensu,4
deliri,12
pressur,14
abomin,5
tender,9
wreck,8
dad,10
victoria,12
digniti,10
glade,6
counti,50
verbatim,4
insight,4
madli,5
sheer,10
rent,11
tackl,4
junior,5
lichen,6
transform,5
thinker,5
whipcord,4
nostril,5
meadow,4
rake,6
tut,33
waterproof,5
tipto,12
highroad,4
presumpt,6
concept,5
waiter,7
craggi,5
ashen,4
jail,10
blast,9
robber,5
invest,10
abid,5
stroke,9
dislik,10
midway,4
aton,5
defend,11
counsel,9
sophi,5
gale,12
storm,13
blend,4
newcom,9
umbrella,8
horsham,10
chalk,12
prendergast,9
openshaw,16
bicycl,63
lee,16
sussex,17
negro,6
brandi,24
keyhol,4
1883,8
gum,6
winc,7
forese,9
reconstruct,19
politician,6
januari,8
outstretch,11
sundial,7
dunde,9
senseless,9
accident,6
elaps,11
foresight,6
incred,16
margin,7
diari,11
meanwhil,32
item,4
librari,13
willingli,5
provinci,4
solitud,4
urgenc,6
badg,4
deriv,6
notabl,5
impun,5
flourish,9
eventu,19
stormi,4
passer,5
hast,7
unclasp,4
decoy,7
hungri,7
savannah,5
februari,5
homeward,7
cabl,10
isa,4
whitney,8
mingl,5
linoleum,4
kate,4
spell,5
swandam,8
cheeri,10
wane,5
charcoal,4
beckon,8
pitiabl,9
mischief,13
prey,7
purchas,12
lascar,12
ay,13
拢1000,7
vilest,4
nevil,19
clair,27
song,6
revel,8
1884,5
feminin,6
neckti,5
denial,4
exit,12
bloodstain,6
hugh,5
boon,10
chariti,7
greasi,5
outer,21
chaff,4
incrimin,7
bleed,9
stuf,9
villag,56
stabl,59
unthink,4
leap,6
insuffici,4
gown,39
ounc,6
previou,14
sunshin,11
wisdom,5
riser,4
bradstreet,12
ledger,6
grime,5
seam,4
sleepi,9
execut,7
schoolmast,7
chesterfield,5
editor,6
fortnight,16
creditor,6
unobserv,4
christma,10
crackl,8
frost,5
ice,9
peterson,11
batter,4
smash,11
assail,10
flee,30
spoil,5
victori,6
ruefulli,6
declin,7
lime,4
cream,7
plausibl,7
tallow,4
gutter,5
electr,16
countess,10
morcar,4
background,5
aright,4
horner,13
ryder,12
bureau,26
offenc,5
introduct,9
globe,4
pall,10
mall,10
focu,4
bloodi,5
scotch,7
fanlight,4
circul,4
adapt,7
relic,11
alpha,7
inn,37
museum,13
penc,4
harley,4
gee,17
salesman,9
covent,4
breckinridg,7
frosti,5
slab,7
fiver,4
breed,8
grimli,6
oakshott,7
surli,4
cring,5
overtook,5
cheerili,6
slipper,19
feloni,7
ladyship,4
sweat,4
brute,13
jem,4
dealer,7
roylott,23
stoke,11
untim,4
grimesbi,8
outset,6
keener,5
prematur,12
vehicl,5
leatherhead,4
avert,7
helen,4
stoner,19
hampshir,7
aristocrat,8
gypsi,7
brambl,5
cheetah,6
aunt,4
manor,33
awaken,13
unconsci,11
char,10
stapl,4
armitag,6
perci,15
glide,5
agricultur,4
insol,5
excurs,10
tooth,6
gabl,15
mansion,7
cluster,8
scaffold,4
dummi,5
ventil,16
squat,12
reveri,5
pretenc,5
palmer,6
parish,9
boom,5
befal,9
kettl,6
ajar,6
turkish,6
erron,5
hastili,6
hiss,5
indirectli,4
finer,4
achiev,4
cure,7
heather,4
victor,11
hydraul,11
abod,7
outburst,7
shudder,6
horrifi,15
cotton,4
bandag,5
plug,5
lysand,7
stark,10
discreet,11
eyford,9
secretli,6
wicket,6
glossi,4
porch,7
threshold,13
radiu,6
preliminari,4
slink,9
payment,5
creas,6
ferguson,4
unhealthi,4
cylind,7
fabric,4
inadequ,4
butcher,4
etc,4
vote,6
peasant,11
ingenu,6
perturb,4
reduc,5
tin,19
simon,41
backwat,6
postpon,8
grosvenor,4
balmor,7
doran,12
aloysiu,6
san,15
britain,6
cousin,11
westburi,6
lancast,4
ceremoni,12
eustac,10
footman,9
flora,8
millar,5
cultur,5
supplement,5
directli,5
locket,4
ivori,8
pew,7
complaint,9
aspir,4
franco,6
tumbl,8
wardrob,6
triumph,12
sherri,4
humbl,17
pheasant,7
ancient,23
messeng,14
humili,5
abrupt,8
hay,18
moulton,4
frisco,4
miner,19
gordon,4
frown,8
acquiesc,5
minist,25
resort,4
madman,7
plough,4
metropolitan,6
impos,4
tight,8
foremost,6
overwhelm,8
disagre,5
businesslik,4
jewelleri,5
estim,7
illustri,8
proprieti,5
entail,7
turf,9
burnwel,7
glamour,4
cynic,4
niec,7
blackguard,4
probe,4
theft,5
forgiven,6
formal,9
drone,7
modest,8
financi,6
pallor,6
harshli,4
sweetheart,6
mirror,8
joint,8
congeni,8
stealthili,4
chivalr,6
valet,11
manifest,5
munro,10
founder,8
stoper,6
boil,8
nutshel,4
transact,4
winchest,13
offens,11
offhand,4
philadelphia,7
rucastl,42
lunat,4
abnorm,4
bradshaw,5
urgent,14
swan,4
midday,7
countrysid,6
aldershot,9
southampton,8
revers,7
toller,16
unmistak,4
loiter,9
disconnect,4
mastiff,5
trespass,4
pretext,7
bunch,4
skylight,5
coax,9
sensibl,5
villaini,7
assembl,9
fowler,5
pyland,11
brood,12
wessex,5
trainer,19
procur,5
straker,38
gregori,9
fitzroy,7
simpson,18
ancestor,7
jockey,4
loft,6
tavistock,8
moor,208
mapleton,13
sila,6
roam,5
edith,4
dish,14
curri,8
mutton,4
furz,4
watchman,5
birth,6
desborough,5
kidnap,10
bos,38
shield,14
dapper,6
sportsman,7
quaint,5
bronz,5
fern,6
cavendish,4
blade,11
cork,9
derbyshir,5
plymouth,7
glori,5
subordin,6
dodg,4
appl,4
abil,13
heath,16
car,16
distrait,5
monstrou,12
junction,5
recount,8
muscular,4
aimless,4
auster,11
uninterest,6
effi,5
atlanta,4
pinner,13
norburi,6
cottag,53
mantl,6
dumb,17
indescrib,6
whisk,8
merriment,4
portrait,16
african,9
cautiou,5
crazi,9
birmingham,10
pycroft,23
athlet,11
coxon,6
mawson,18
hampstead,9
parker,4
midland,8
hardwar,7
corpor,7
resign,13
prais,6
razor,4
unfurnish,4
lifetim,6
courteou,4
croak,6
trevor,23
elicit,4
mope,4
donnithorp,4
norfolk,18
hamlet,5
toler,6
bench,6
billiard,12
wizen,4
reek,8
beddo,12
japanes,5
effac,4
cipher,20
6th,4
honesti,4
chaplain,6
swagger,5
viciou,6
coffin,19
cash,7
evan,6
conspiraci,11
martin,12
saloon,13
overboard,5
biscuit,4
aback,6
leon,5
molest,7
admiralti,6
prim,7
transfix,5
patriot,4
manuscript,10
leisur,12
hurlston,9
vener,7
brunton,25
howel,6
axe,4
tutor,9
ralph,6
pond,7
bother,6
baron,10
period,15
liter,4
acton,15
cunningham,37
mid,4
pantri,7
practition,13
deer,4
kirwan,6
alec,23
reproduc,5
reconnaiss,5
specialti,4
greatli,5
blacken,5
anni,6
morrison,8
barclay,37
nanci,6
queenli,4
murphi,6
mutual,7
superstit,6
lachin,4
housemaid,4
david,4
deform,5
wither,6
swarthi,12
teddi,6
parliament,4
forest,8
trevelyan,16
sale,7
pinkerton,16
blessington,27
negoti,4
upright,5
coher,4
physician,4
paralyz,10
headquart,4
cartwright,11
traitor,10
emin,13
mycroft,56
diogen,6
whitehal,8
committe,4
marker,7
mela,19
oliv,4
grecian,4
latim,8
bludgeon,4
switch,5
harold,7
giggl,5
tyrant,5
priest,5
athen,6
subsequ,5
relationship,4
beckenham,5
inevit,8
phelp,40
exploit,5
scholarship,4
cambridg,12
holdhurst,14
briarbra,7
crimson,10
diplomatist,4
harrison,20
embassi,10
ivi,12
tangey,4
forb,9
irrelev,8
asper,6
purposeless,4
bu,4
premier,12
nephew,6
breaker,4
raven,5
moriarti,53
modifi,4
paler,6
diabol,6
wili,5
ascet,6
preparatori,4
guest,9
intoler,5
meiringen,5
alpin,5
recur,4
extinct,4
reichenbach,6
abyss,6
shaft,6
chasm,5
swiss,5
consumpt,4
postscript,5
1894,4
ronald,8
adair,14
hilda,12
woodley,26
baldwin,50
mutil,4
collector,4
picturesqu,5
tuft,13
deplor,8
jungl,4
discern,5
lumin,5
bust,56
profil,6
blacker,5
tighten,4
sebastian,5
commend,9
audac,7
effigi,4
fame,6
lament,5
murillo,8
applaus,7
hector,4
sheaf,4
jona,15
oldacr,26
apprehens,8
sydenham,6
blackheath,7
brutal,16
chequ,12
corneliu,5
odiou,7
audienc,4
unexplain,6
hilton,25
cubitt,24
ridl,5
thorp,5
vicar,18
patrick,7
elsi,14
shrubberi,11
ocean,4
necessarili,4
halloa,32
elrig,4
abe,8
slaney,10
symbol,6
chicago,39
epilogu,4
charlington,14
pedal,4
farnham,9
carruth,32
cyril,10
morton,7
cycl,8
yew,17
gateway,4
gors,6
williamson,11
abduct,4
domin,6
squeal,5
bleat,4
huxtabl,20
hearthrug,4
unshaven,4
mackleton,5
holderness,19
appledor,4
saltir,10
soam,30
indiscreet,6
heidegg,6
shaw,4
morass,9
russet,4
tyre,11
dunlop,5
hark,5
bog,8
reuben,6
smithi,5
classic,4
mar,6
poni,5
95,5
woodman,4
carey,24
basil,4
appetit,6
stanley,28
unicorn,7
harpoon,14
decant,5
sheath,5
section,4
neligan,9
cairn,5
skipper,5
tunbridg,11
eva,5
frozen,4
granit,17
generos,6
tempestu,4
fiance,5
cultiv,7
bookcas,6
vision,8
upturn,4
mors,9
counter,8
barnicot,9
emperor,4
devin,7
saniti,4
pitt,5
harker,12
journalist,4
doorstep,4
gelder,7
stepney,4
beppo,12
chiswick,4
sandeford,5
pietro,6
goal,5
workmanlik,4
bannist,23
lattic,5
gilchrist,14
etern,6
toilet,4
yoxley,7
willoughbi,9
novemb,5
chatham,6
coram,9
susan,10
cautious,4
cocoanut,4
optician,5
varnish,5
smoker,4
mane,4
anna,4
overton,15
staunton,31
johnson,8
counterfoil,4
lesli,7
armstrong,18
approv,4
pompey,8
appal,5
randal,6
brackenstal,15
theresa,12
fraser,6
adelaid,6
fiendish,4
baronet,49
bracket,4
croker,6
pot,5
trelawney,7
oberstein,16
eduardo,8
luca,22
godolphin,10
mitton,6
mme,5
fournay,5
drugget,6
jacob,8
stapleton,108
merripit,16
tor,17
grimpen,24
devon,5
legend,14
hugo,19
moorland,11
rodger,5
barrymor,79
frankland,18
lafter,5
justif,4
perkin,5
supernatur,8
canada,5
princetown,5
vexat,4
galleri,5
gloucest,4
postmast,5
desmond,4
hazel,4
wagonett,7
selden,13
stunt,4
grassi,5
butterfli,7
bygon,4
plume,4
prehistor,5
neolith,4
moth,5
orchard,6
manserv,6
t锚te,4
telescop,6
coomb,18
tracey,18
laura,11
divorc,6
identif,4
vandeleur,5
hip,4
vapour,4
hale,4
garcia,31
spanish,9
birlston,34
bodymast,38
341,10
vermissa,32
birdi,15
porlock,16
deviltri,4
534,8
dougla,111
billi,4
almanac,4
seventh,4
macdonald,40
scotchman,4
mac,27
greuz,5
snorter,5
jacobean,4
drawbridg,11
vicarag,10
barker,81
ame,33
wade,4
triangl,5
nugget,4
mcginti,95
ted,14
township,9
scowrer,26
gilmerton,4
railroad,8
merton,4
slag,4
freeman,17
scanlan,28
shafter,16
hobson,7
patrolman,5
gar,11
etti,34
vat,5
vill,4
acushla,4
councillor,24
marvin,14
hero,4
andrew,6
cormac,7
harraway,4
carnaway,4
chester,5
wilcox,6
stanger,6
willabi,5
treason,5
lawler,6
eccl,23
pedro,11
bayn,35
esher,8
oxshott,9
spaniard,4
henderson,13
walter,15
mulatto,4
burnet,8
warner,4
lopez,4
beecher,4
cush,28
croydon,10
belfast,6
sarah,27
browner,13
fairbairn,7
bewar,4
gorgiano,12
gennaro,23
lucca,4
castalott,5
pigeon,4
cadogan,18
aldgat,6
submarin,6
sidney,4
caulfield,6
pierrot,6
culverton,9
lausann,10
dobney,6
jule,5
vibart,4
baden,10
shlessing,11
missionari,4
poultney,4
funer,4
chloroform,5
cornish,10
tredannick,5
roundhay,5
tregenni,37
brenda,8
wartha,4
sterndal,15
bork,35
altamont,8
martha,7
steiner,4
